{
    "members": [
    {
      "name": "Molecule Man",
      "age": 29,
      "loc": [127.12293148040771, 37.36043630196386]
    },
    {
      "name": "Madame Uppercut",
      "age": 39,
      "loc": [127.12310314178465, 37.36354029942161]
    },
    {
      "name": "asdads",
      "age": 22,
      "loc": [127.12456226348876, 37.365211629488016]
    }
  ]
}
